Alano Español|https://en.wikipedia.org/wiki/Alano_Español
Anglo-Français de Petite Vénerie|https://en.wikipedia.org/wiki/Anglo-Français_de_Petite_Vénerie
Ariège Pointer|https://en.wikipedia.org/wiki/Ariège_Pointer
Ariégeois|https://en.wikipedia.org/wiki/Ariégeois
Basset Artésien Normand|https://en.wikipedia.org/wiki/Basset_Artésien_Normand
Bichon Frisé|https://en.wikipedia.org/wiki/Bichon_Frisé
Braque d'Auvergne|https://en.wikipedia.org/wiki/Braque_d'Auvergne
Braque Français|https://en.wikipedia.org/wiki/Braque_Français
Briquet Griffon Vendéen|https://en.wikipedia.org/wiki/Briquet_Griffon_Vendéen
Bắc Hà|https://en.wikipedia.org/wiki/Bắc_Hà
Ca Mè Mallorquí|https://en.wikipedia.org/wiki/Ca_Mè_Mallorquí
Ca Rater Mallorquí|https://en.wikipedia.org/wiki/Ca_Rater_Mallorquí
Carea Leonés|https://en.wikipedia.org/wiki/Carea_Leonés
Chien Français Blanc et Noir|https://en.wikipedia.org/wiki/Chien_Français_Blanc_et_Noir
Chien Français Blanc et Orange|https://en.wikipedia.org/wiki/Chien_Français_Blanc_et_Orange
Chien Français Tricolore|https://en.wikipedia.org/wiki/Chien_Français_Tricolore
Cimarrón Uruguayo|https://en.wikipedia.org/wiki/Cimarrón_Uruguayo
Cirneco dell'Etna|https://en.wikipedia.org/wiki/Cirneco_dell'Etna
Cão de Gado Transmontano|https://en.wikipedia.org/wiki/Cão_de_Gado_Transmontano
Danish–Swedish Farmdog|https://en.wikipedia.org/wiki/Danish–Swedish_Farmdog
English Toy Terrier (Black & Tan)|https://en.wikipedia.org/wiki/English_Toy_Terrier_(Black_&_Tan)
Florida Brown Dog|https://en.wikipedia.org/wiki/Florida_Brown_Dog
Galgo Español|https://en.wikipedia.org/wiki/Galgo_Español
Gończy Polski|https://en.wikipedia.org/wiki/Gończy_Polski
Grand Anglo-Français Blanc et Noir|https://en.wikipedia.org/wiki/Grand_Anglo-Français_Blanc_et_Noir
Grand Anglo-Français Blanc et Orange|https://en.wikipedia.org/wiki/Grand_Anglo-Français_Blanc_et_Orange
Grand Anglo-Français Tricolore|https://en.wikipedia.org/wiki/Grand_Anglo-Français_Tricolore
Grand Basset Griffon Vendéen|https://en.wikipedia.org/wiki/Grand_Basset_Griffon_Vendéen
Grand Griffon Vendéen|https://en.wikipedia.org/wiki/Grand_Griffon_Vendéen
Hamiltonstövare|https://en.wikipedia.org/wiki/Hamiltonstövare
Hällefors Elkhound|https://en.wikipedia.org/wiki/Hällefors_Elkhound
Jämthund|https://en.wikipedia.org/wiki/Jämthund
Kromfohrländer|https://en.wikipedia.org/wiki/Kromfohrländer
Large Münsterländer|https://en.wikipedia.org/wiki/Large_Münsterländer
Lobito Herreño|https://en.wikipedia.org/wiki/Lobito_Herreño
Lài|https://en.wikipedia.org/wiki/Lài
Löwchen|https://en.wikipedia.org/wiki/Löwchen
Magyar Agár|https://en.wikipedia.org/wiki/Magyar_Agár
Pach��n Navarro|https://en.wikipedia.org/wiki/Pach��n_Navarro
Petit Basset Griffon Vendéen|https://en.wikipedia.org/wiki/Petit_Basset_Griffon_Vendéen
Phalène|https://en.wikipedia.org/wiki/Phalène
Pražský Krysařík|https://en.wikipedia.org/wiki/Pražský_Krysařík
Sabueso Español|https://en.wikipedia.org/wiki/Sabueso_Español
Schillerstövare|https://en.wikipedia.org/wiki/Schillerstövare
Segugio dell'Appennino|https://en.wikipedia.org/wiki/Segugio_dell'Appennino
Slovenský kopov|https://en.wikipedia.org/wiki/Slovenský_kopov
Small Međimurje Dog|https://en.wikipedia.org/wiki/Small_Međimurje_Dog
Small Münsterländer|https://en.wikipedia.org/wiki/Small_Münsterländer
St. Bernard|https://en.wikipedia.org/wiki/St._Bernard
St. Hubert Jura Hound|https://en.wikipedia.org/wiki/St._Hubert_Jura_Hound
Tarsus çatalburun|https://en.wikipedia.org/wiki/Tarsus_çatalburun
Český fousek|https://en.wikipedia.org/wiki/Český_fousek
Šarplaninac|https://en.wikipedia.org/wiki/Šarplaninac
