alias,canonical_brand
aatu,Aatu
able,Able
acana,Acana
akela,Akela
albion pet foods,Albion Pet Foods
almo nature,Almo Nature
alpha,Alpha
alpha spirit,Alpha Spirit
amala,Amala
amazon,Amazon
angell petco,Angell Petco
aniforte,Aniforte
animonda,Animonda
applaws,Applaws
arden grange,Arden Grange
arden,Arden Grange
arkwrights,Arkwrights
asda,Asda
autarky,Autarky
ava,Ava
bakers,Bakers
barkin bistro,Barkin Bistro
barking heads,Barking Heads
barking,Barking Heads
basil's dog food,Basil's Dog Food
beco,Beco
belcando,Belcando
bella + duke,Bella + Duke
benevo,Benevo
bentley's,Bentley's
benyfit natural,Benyfit Natural
beta,Beta
billy & margot,Billy & Margot
bob & lush,Bob & Lush
bob and lush,Bob & Lush
bonacibo,Bonacibo
bonza,Bonza
boost,Boost
bosch,Bosch
bounce and bella,Bounce And Bella
briantos,Briantos
brit,Brit
buddy,Buddy
bug bakes,Bug Bakes
bullybillows,BullyBillows
burgess,Burgess
burns,Burns
burns original,Burns
butchers,Butchers
butternut box,Butternut Box
csj,CSJ
caboodle,Caboodle
calibra,Calibra
canagan,Canagan
canidae,Canidae
canine choice,Canine Choice
canine corrections,Canine Corrections
carnilove,Carnilove
celtic connection,Celtic Connection
cesar,Cesar
champers,Champers
chapel farm,Chapel Farm
chappie,Chappie
chudleys,Chudleys
ci foods,Ci Foods
clinivet,Clinivet
cobbydog,Cobbydog
collards,Collards
concept for life,Concept For Life
cooper & co,Cooper & Co
cotswold raw,Cotswold Raw
country dog,Country Dog
country kibble,Country Kibble
country pursuit,Country Pursuit
country value,Country Value
coya,Coya
crave,Crave
dachshund superfood,Dachshund Superfood
darf,Darf
denes,Denes
devini,Devini
different dog,Different Dog
dr clauders,Dr Clauders
dr clauder,Dr Clauders
dr john,Dr John
dr johns,Dr John
dr veneta,Dr Veneta
earls,Earls
eden,Eden
edgard & cooper,Edgard & Cooper
edgard and cooper,Edgard & Cooper
edmondson's,Edmondson's
embark on raw,Embark on Raw
encore,Encore
engage,Engage
essential,Essential
eukanuba,Eukanuba
europa,Europa
exe valley,Exe Valley
farm food,Farm Food
farmina,Farmina
feedwell,Feedwell
feelwell's,Feelwell's
fish4dogs,Fish4Dogs
fish 4 dogs,Fish4Dogs
fish for dogs,Fish4Dogs
fleischeslust,Fleischeslust
flourish,Flourish
fold hill,Fold Hill
forthglade,Forthglade
forza10,Forza10
freshpet,Freshpet
frolic,Frolic
gain,Gain
gelert,Gelert
gentle,Gentle
go native,Go Native
golden eagle,Golden Eagle
grace,Grace
green pantry,Green Pantry
green petfood,Green Petfood
greenacres,GreenAcres
growling tums,Growling Tums
grub club,Grub Club
guru,Guru
gusto,Gusto
happy dog,Happy Dog
harringtons,Harringtons
healthy paws,Healthy Paws
heights farm,Heights Farm
hilife,HiLife
hill's,Hill's
hill,Hill's
hills science,Hill's
hills science plan,Hill's
hills science diet,Hill's
hills prescription,Hill's
hills prescription diet,Hill's
hill's prescription diet,Hill's Prescription Diet
hill's science plan,Hill's Science Plan
hoddys,Hoddys
honey's,Honey's
hownd,Hownd
hug pet food,Hug Pet Food
huntland,Huntland
husse,Husse
iams,Iams
icepaw,Icepaw
innocent hound,Innocent Hound
jr,JR
jack wolf,Jack Wolf
james & ella,James & Ella
james wellbeloved,James Wellbeloved
james well beloved,James Wellbeloved
jameswellbeloved,James Wellbeloved
josera,Josera
k9 optimum,K9 Optimum
kirkland,Kirkland
kronch,Kronch
lakes collection,Lakes Collection
langham's,Langham's
laughing dog,Laughing Dog
leader,Leader
lecker bites,Lecker Bites
lifelong,Lifelong
lifestage,Lifestage
lily's kitchen,Lily's Kitchen
lily kitchen,Lily's Kitchen
lily s kitchen,Lily's Kitchen
little bigpaw,Little BigPaw
lovejoys,Lovejoys
lovel,Lovel
lukullus,Lukullus
luna & me,Luna & Me
lupo,Lupo
mac's,Mac's
markus muehle,Markus Muehle
marleybones,Marleybones
mcadams,McAdams
mcintyres,McIntyres
meatiful,Meatiful
michie's of cornwall,Michie's of Cornwall
millies wolfheart,Millies Wolfheart
millie wolfheart,Millies Wolfheart
millies,Millies Wolfheart
miraculous meals,Miraculous Meals
montys larder,Montys Larder
more,More
morrisons,Morrisons
my pet says,My Pet Says
naked dog,Naked Dog
natural dog food company,Natural Dog Food Company
natural greatness,Natural Greatness
natural instinct,Natural Instinct
naturaw,Naturaw
nature's deli,Nature's Deli
nature's harvest,Nature's Harvest
nature's menu,Nature's Menu
nature's variety,Nature's Variety
nature's way,Nature's Way
naturea,Naturea
naturediet,Naturediet
naturo,Naturo
noochy poochy,Noochy Poochy
nood,Nood
nose2tail,Nose2tail
nourish,Nourish
nutribalance,Nutribalance
nutriment,Nutriment
nutrivet,Nutrivet
nutriwolds,Nutriwolds
nutro,Nutro
omni,Omni
opti life,Opti Life
orijen,Orijen
orlando,Orlando
orygo,Orygo
paleo ridge,Paleo Ridge
paul o'grady's,Paul O'Grady's
paws on plates,Paws on Plates
pedigree,Pedigree
percuro,Percuro
pero,Pero
pets love fresh,Pets Love Fresh
pets at home,Pets at Home
piccolo,Piccolo
pitpat,PitPat
platinum,Platinum
pooch & mutt,Pooch & Mutt
pooch and mutt,Pooch & Mutt
pooch,Pooch & Mutt
poppy's picnic,Poppy's Picnic
pro plan,Pro Plan
purina pro plan,Pro Plan
proplan,Pro Plan
prodog raw,Prodog Raw
pure pet food,Pure Pet Food
purizon,Purizon
ror,ROR
raaw,Raaw
rawgeous,Rawgeous
rinti,Rinti
rocco,Rocco
rocketo,Rocketo
rockster,Rockster
rosie's farm,Rosie's Farm
royal canin,Royal Canin
royal canin breed,Royal Canin
royal canin veterinary,Royal Canin
royal canin veterinary diet,Royal Canin
royal canin vet,Royal Canin
royal canin wet food for,Royal Canin
rude dog food,Rude Dog Food
run,Run
sainsbury's,Sainsbury's
salters,Salters
salubrious healthy dog food,Salubrious Healthy Dog Food
sausage dog sanctuary food,Sausage Dog Sanctuary Food
scrumbles,Scrumbles
seven pet,Seven Pet
simpsons,Simpsons
skinner's,Skinner's
skipper's,Skipper's
sneyd's wonderdog,Sneyd's Wonderdog
solimo,Solimo
southend dog training,Southend Dog Training
specific,Specific
step up to naturals,Step Up To Naturals
symply,Symply
tails.com,Tails.com
taste of the wild,Taste of the Wild
techni-cal,Techni-cal
terra canis,Terra Canis
tesco,Tesco
the pack,The Pack
thrive,Thrive
tilly & ted,Tilly & Ted
tribal,Tribal
trophy pet foods,Trophy Pet Foods
truline,Truline
tuggs,Tuggs
vale pet foods,Vale Pet Foods
vet's kitchen,Vet's Kitchen
vetspec,Vetspec
virbac,Virbac
vitalin,Vitalin
wagg,Wagg
wainwright's,Wainwright's
wainwright,Wainwright's
wainwrights dry,Wainwright's
wainwrights trays,Wainwright's
waitrose,Waitrose
walker & drake,Walker & Drake
webbox,Webbox
wellness,Wellness
whistler's,Whistler's
wild pet food,Wild Pet Food
wildpack,WildPack
wildways,Wildways
wilko,Wilko
wilsons,Wilsons
winalot,Winalot
winner,Winner
wolf tucker,Wolf Tucker
wolf of wilderness,Wolf of Wilderness
wolfworthy,Wolfworthy
workinghprs,WorkingHPRs
yarrah,Yarrah
ydolo,Ydolo
years,Years
yora,Yora
zenoo,Zenoo
ziwi peak,Ziwi Peak
